id,date
OEAV6182323,2022-02
OEAV6724604,2022-02
OEAV6239075,2022-02
OEAV6278659,2022-02
OEAV6142777,2022-02
OEAV6735749,2022-02
OEAV6811185,2022-02
OEAV6529998,2022-02
OEAV6704132,2022-02
OEAV6516439,2022-02
OEAV6208935,2022-02
OEAV6712079,2022-02
OEAV6619140,2022-02
OEAV6661027,2022-02
OEAV6779348,2022-02
OEAV6276354,2022-02
OEAV6155737,2022-02
OEAV6809833,2022-02
OEAV6204722,2022-02
OEAV6281213,2022-02
OEAV6277873,2022-02
OEAV6232582,2022-02
OEAV6217359,2022-02
OEAV6226994,2022-02
OEAV6220560,2022-02
OEAV6487041,2022-02
OEAV6806367,2022-02
OEAV6297230,2022-02
OEAV6763605,2022-02
OEAV6747612,2022-02
OEAV6661294,2022-02
OEAV6762338,2022-02
OEAV6661521,2022-02
OEAV6747005,2022-02
OEAV6737396,2022-02
OEAV6825703,2022-02
OEAV6297470,2022-02
OEAV6574844,2022-02
OEAV6673820,2022-02
OEAV6604953,2022-02
OEAV6774227,2022-02
OEAV6674733,2022-02
OEAV6800676,2022-02
OEAV6705882,2022-02
OEAV6618864,2022-02
OEAV6170185,2022-02
OEAV6744290,2022-02
OEAV6249175,2022-02
OEAV6711287,2022-02
OEAV6474472,2022-02
OEAV6134703,2022-02
OEAV6832630,2022-02
OEAV6185484,2022-02
OEAV6730652,2022-02
OEAV6712671,2022-02
OEAV6572680,2022-02
OEAV6266094,2022-02
OEAV6152606,2022-02
OEAV6801125,2022-02
OEAV6750967,2022-02
OEAV6208114,2022-02
OEAV6117359,2022-02
OEAV6292447,2022-02
OEAV6260889,2022-02
OEAV6615704,2022-02
OEAV6630288,2022-02
OEAV6532857,2022-02
OEAV6193156,2022-02
OEAV6699500,2022-02
OEAV6663116,2022-02
OEAV6228365,2022-02
OEAV6805571,2022-02
OEAV6246382,2022-02
OEAV6269290,2022-02
OEAV6788235,2022-02
OEAV6748595,2022-02
OEAV6296208,2022-02
OEAV6468182,2022-02
OEAV6173403,2022-02
OEAV6675794,2022-02
OEAV6472309,2022-02
OEAV6515089,2022-02
OEAV6766949,2022-02
OEAV6616975,2022-02
OEAV6783800,2022-02
OEAV6550594,2022-02
OEAV6840234,2022-02
OEAV6569372,2022-02
OEAV6182025,2022-02
OEAV6543745,2022-02
OEAV6128619,2022-02
OEAV6138197,2022-02
OEAV6598123,2022-02
OEAV6295738,2022-02
OEAV6803167,2022-02
OEAV6726825,2022-02
OEAV6740318,2022-02
OEAV6170580,2022-02
OEAV6238867,2022-02
OEAV6282153,2022-02
OEAV6481031,2022-02
OEAV6243249,2022-02
OEAV6517109,2022-02
OEAV6756327,2022-02
OEAV6702515,2022-02
OEAV6233558,2022-02
OEAV6129166,2022-02
OEAV6550059,2022-02
OEAV6146428,2022-02
OEAV6275219,2022-02
OEAV6177835,2022-02
OEAV6592261,2022-02
OEAV6759059,2022-02
OEAV6736576,2022-02
OEAV6763549,2022-02
OEAV6145445,2022-02
OEAV6552972,2022-02
OEAV6543255,2022-02
OEAV6754132,2022-02
OEAV6802665,2022-02
OEAV6829759,2022-02
OEAV6517126,2022-02
OEAV6160974,2022-02
OEAV6473373,2022-02
OEAV6538545,2022-02
OEAV6249536,2022-02
OEAV6705807,2022-02
OEAV6564698,2022-02
OEAV6437429,2022-01
OEAV6542679,2022-01
OEAV6542679,2022-01
OEAV5899400,2022-01
OEAV6140999,2022-01
OEAV6539113,2022-01
OEAV6106053,2022-01
OEAV6104615,2022-01
OEAV6326957,2022-01
OEAV6188074,2022-01
OEAV5978729,2022-01
OEAV6324192,2022-01
OEAV6319479,2022-01
OEAV6015709,2022-01
OEAV6542679,2022-01
OEAV6538075,2022-01
OEAV6204409,2022-01
OEAV6326774,2022-01
OEAV6125257,2022-01
OEAV6326774,2022-01
OEAV6326774,2022-01
OEAV6361121,2022-01
OEAV6201844,2022-01
OEAV6408584,2022-01
OEAV5681309,2022-01
OEAV6139794,2022-01
OEAV5833768,2022-01
OEAV6542679,2022-01
OEAV6026841,2022-01
OEAV6542679,2022-01
OEAV6531949,2022-01
OEAV5985541,2022-01
OEAV6513761,2022-01
OEAV6539113,2022-01
OEAV6542679,2022-01
OEAV5983899,2022-01
OEAV6373900,2022-01
OEAV6542679,2022-01
OEAV6141630,2022-01
OEAV6538075,2022-01
OEAV6471162,2022-01
OEAV6542679,2022-01
OEAV6326957,2022-01
OEAV5876327,2022-01
OEAV6321448,2022-01
OEAV6132258,2022-01
OEAV6542679,2022-01
OEAV6424354,2022-01
OEAV5862734,2022-01
OEAV5738726,2022-01
OEAV6429480,2022-01
OEAV6110891,2022-01
OEAV6141003,2022-01
OEAV5694317,2022-01
OEAV5941952,2022-01
OEAV6542679,2022-01
OEAV6542679,2022-01
OEAV6139794,2022-01
OEAV6538075,2022-01
OEAV6539113,2022-01
OEAV6207287,2022-01
OEAV5775516,2022-01
OEAV6533147,2022-01
OEAV6542679,2022-01
OEAV6140912,2022-01
OEAV6543092,2022-01
OEAV6532700,2022-01
OEAV6532700,2022-01
OEAV6523630,2022-01
OEAV6141003,2022-01
OEAV6505536,2022-01
OEAV5833792,2022-01
OEAV6088883,2022-01
OEAV6538075,2022-01
OEAV6542679,2022-01
OEAV6539113,2022-01
OEAV6542679,2022-01
OEAV5822464,2022-01
OEAV6173819,2022-01
OEAV5983926,2022-01
OEAV6487559,2022-01
OEAV6512869,2022-01
OEAV6190117,2022-01
OEAV6108123,2022-01
OEAV5870771,2022-01
OEAV6140365,2022-01
OEAV5756684,2022-01
OEAV6477976,2022-01
OEAV5632311,2022-01
OEAV6535080,2022-01
OEAV5990854,2022-01
OEAV6503716,2022-01
OEAV5844580,2022-01
OEAV6542679,2022-01
OEAV6538075,2022-01
OEAV6542679,2022-01
OEAV6539547,2022-01
OEAV5726369,2022-01
OEAV6542679,2022-01
OEAV6028508,2022-01
OEAV6470454,2022-01
OEAV6539113,2022-01
OEAV5631774,2022-01
OEAV6526293,2022-01
OEAV6019044,2022-01
OEAV6539547,2022-01
OEAV6471162,2022-01
OEAV6391668,2022-01
OEAV6141630,2022-01
OEAV6326957,2022-01
OEAV5978729,2022-01
OEAV6542679,2022-01
OEAV5836736,2022-01
OEAV6539113,2022-01
OEAV6505536,2022-01
OEAV6140999,2022-01
OEAV6150850,2022-01
OEAV6542679,2022-01
OEAV6319479,2022-01
OEAV6317761,2022-01
OEAV6508967,2022-01
OEAV6532700,2022-01
OEAV6542679,2022-01
OEAV6470454,2022-01
OEAV6544797,2022-01
OEAV6539113,2022-01
OEAV6326957,2022-01
OEAV6542679,2022-01
